운동명	부위	세트	횟수	단위	휴식(초)	단계1	단계2	단계3	주의사항	이미지1	이미지2	이미지3
레그프레스	하체	3	12	회	60	등과 엉덩이를 등받이에 밀착시키고 발을 어깨너비로 올립니다.	발바닥 전체로 발판을 밀어 다리를 폅니다. 무릎은 완전히 잠그지 않습니다.	무릎을 천천히 굽혀 허리가 뜨지 않는 범위까지 돌아옵니다.	허리가 등받이에서 뜨거나 무릎이 안쪽으로 모이지 않게 주의	레그프레스_1.jpg	레그프레스_2.jpg	레그프레스_3.jpg
레그익스텐션	하체	3	12	회	60	등을 등받이에 붙이고 발목을 패드 뒤에 둡니다.	허벅지에 힘을 주어 무릎을 펴고 잠그지는 않습니다.	중량을 통제하며 무릎을 굽혀 시작 자세로 돌아옵니다.	반동으로 차 올리거나 무릎을 과도하게 잠그지 않기	레그익스텐션_1.jpg	레그익스텐션_2.jpg	레그익스텐션_3.jpg
시티드레그컬	하체	3	12	회	60	등을 등받이에 붙이고 발목을 패드 위에 둡니다.	발뒤꿈치를 아래·뒤쪽으로 당겨 무릎을 굽힙니다.	중량을 천천히 풀어 다리를 폅니다.	엉덩이가 들리거나 허리를 과도하게 젖히지 않기	시티드레그컬_1.jpg	시티드레그컬_2.jpg	시티드레그컬_3.jpg
랫풀다운	등	3	12	회	60	허벅지를 패드로 고정하고 바를 넓게 잡습니다.	팔꿈치를 아래로 당기며 바를 가슴 위쪽으로 내립니다.	팔을 천천히 펴며 바를 머리 위로 돌려보냅니다.	바를 목 뒤로 내리거나 몸을 과도하게 젖히지 않기	랫풀다운_1.jpg	랫풀다운_2.jpg	랫풀다운_3.jpg
체스트프레스	가슴	3	12	회	60	등을 등받이에 붙이고 손잡이를 가슴 중간 높이에서 잡습니다.	손잡이를 앞으로 밀되 팔꿈치를 세게 잠그지 않습니다.	손잡이를 천천히 가슴 높이로 되돌립니다.	어깨가 들리거나 허리가 등받이에서 뜨지 않게 주의	체스트프레스_1.jpg	체스트프레스_2.jpg	체스트프레스_3.jpg
펙덱	가슴	3	12	회	60	등을 등받이에 붙이고 팔을 패드에 올립니다.	가슴을 모아 양쪽 패드를 앞에서 맞춥니다.	팔을 천천히 벌려 시작 자세로 돌아옵니다.	어깨를 으쓱하거나 팔꿈치를 과도하게 뒤로 보내지 않기	펙덱_1.jpg	펙덱_2.jpg	펙덱_3.jpg
인클라인체스트프레스	가슴	3	12	회	60	등을 등받이에 붙이고 손잡이를 윗가슴 높이에서 잡습니다.	손잡이를 앞·위쪽으로 밀어 팔을 폅니다.	손잡이를 천천히 윗가슴 높이로 되돌립니다.	허리를 과도하게 꺾거나 팔꿈치를 완전히 잠그지 않기	인클라인체스트프레스_1.jpg	인클라인체스트프레스_2.jpg	인클라인체스트프레스_3.jpg
케이블크로스오버	가슴	3	12	회	60	한 발을 앞에 두고 양손을 넓게 잡아 팔꿈치를 살짝 굽힙니다.	양손을 아래쪽 가슴 앞에서 모읍니다.	가슴의 긴장을 유지하며 팔을 천천히 벌립니다.	허리를 흔들거나 팔꿈치를 고정한 채 과도하게 펴지 않기	케이블크로스오버_1.jpg	케이블크로스오버_2.jpg	케이블크로스오버_3.jpg
해머스트렝스체스트프레스	가슴	3	12	회	60	등을 등받이에 붙이고 손잡이를 가슴 옆에서 잡습니다.	양손 손잡이를 같은 속도로 앞으로 밉니다.	손잡이를 천천히 가슴 옆으로 되돌립니다.	한쪽 팔만 먼저 밀거나 어깨가 앞으로 말리지 않게 주의	해머스트렝스체스트프레스_1.jpg	해머스트렝스체스트프레스_2.jpg	해머스트렝스체스트프레스_3.jpg
케이블플라이	가슴	3	12	회	60	케이블 중앙에 서서 한 발을 앞에 두고 양팔을 벌립니다.	양손을 가슴 앞에서 크게 모읍니다.	팔꿈치를 부드럽게 유지하며 양팔을 천천히 엽니다.	중량 때문에 몸이 끌려가지 않도록 중심 유지	케이블플라이_1.jpg	케이블플라이_2.jpg	케이블플라이_3.jpg
시티드로우	등	3	12	회	60	무릎을 약간 굽히고 상체를 세워 손잡이를 잡습니다.	팔꿈치를 몸 가까이 붙여 손잡이를 아랫갈비뼈로 당깁니다.	등을 둥글게 말지 않고 팔을 천천히 폅니다.	상체를 뒤로 젖히며 반동으로 당기지 않기	시티드로우_1.jpg	시티드로우_2.jpg	시티드로우_3.jpg
어시스트풀업	등	3	12	회	60	보조 패드에 올라 평행 손잡이를 잡고 팔을 폅니다.	팔꿈치를 아래로 당겨 가슴을 손잡이 쪽으로 올립니다.	몸을 통제하며 팔을 펴고 내려옵니다.	어깨를 으쓱하거나 몸을 흔들어 올라가지 않기	어시스트풀업_1.jpg	어시스트풀업_2.jpg	어시스트풀업_3.jpg
머신로우	등	3	12	회	60	가슴을 패드에 붙이고 팔을 뻗어 손잡이를 잡습니다.	가슴을 패드에 붙인 채 손잡이를 갈비뼈 쪽으로 당깁니다.	팔을 천천히 앞으로 뻗습니다.	목을 앞으로 빼거나 허리를 꺾지 않기	머신로우_1.jpg	머신로우_2.jpg	머신로우_3.jpg
스트레이트암풀다운	등	3	12	회	60	케이블을 마주 보고 팔을 머리 위로 올려 바를 잡습니다.	팔을 거의 편 상태로 바를 허벅지까지 호를 그리며 내립니다.	광배근 긴장을 유지하며 바를 천천히 올립니다.	팔꿈치를 굽혀 삼두근 운동처럼 수행하지 않기	스트레이트암풀다운_1.jpg	스트레이트암풀다운_2.jpg	스트레이트암풀다운_3.jpg
케이블풀오버	등	3	12	회	60	케이블을 잡고 팔을 머리 위로 뻗어 엉덩이를 살짝 뒤로 뺍니다.	팔을 길게 유지하며 바를 허벅지 쪽으로 내립니다.	팔을 천천히 머리 위로 되돌립니다.	허리를 과도하게 젖히거나 팔꿈치를 많이 굽히지 않기	케이블풀오버_1.jpg	케이블풀오버_2.jpg	케이블풀오버_3.jpg
머신숄더프레스	어깨	3	12	회	60	등을 등받이에 붙이고 손잡이를 어깨 높이에서 잡습니다.	손잡이를 위로 밀어 팔을 폅니다.	손잡이를 천천히 어깨 높이로 내립니다.	허리를 꺾거나 손잡이를 머리 뒤로 내리지 않기	머신숄더프레스_1.jpg	머신숄더프레스_2.jpg	머신숄더프레스_3.jpg
머신레터럴레이즈	어깨	3	12	회	60	팔꿈치를 패드에 대고 상체를 세워 앉습니다.	팔꿈치를 바깥쪽으로 들어 어깨 높이까지 올립니다.	팔꿈치를 천천히 내려 시작 자세로 돌아옵니다.	어깨를 으쓱하거나 반동으로 들어 올리지 않기	머신레터럴레이즈_1.jpg	머신레터럴레이즈_2.jpg	머신레터럴레이즈_3.jpg
리어델트플라이	어깨	3	12	회	60	가슴을 패드에 붙이고 손잡이를 앞에서 잡습니다.	팔을 양옆으로 벌려 어깨선까지 엽니다.	손잡이를 천천히 앞쪽으로 되돌립니다.	허리를 들거나 팔을 과도하게 뒤로 보내지 않기	리어델트플라이_1.jpg	리어델트플라이_2.jpg	리어델트플라이_3.jpg
케이블페이스풀	어깨	3	12	회	60	케이블을 마주 보고 로프를 얼굴 높이에서 잡습니다.	팔꿈치를 높게 유지하며 로프를 얼굴 양옆으로 당깁니다.	팔을 천천히 앞으로 뻗습니다.	허리를 젖혀 당기거나 팔꿈치를 아래로 떨어뜨리지 않기	케이블페이스풀_1.jpg	케이블페이스풀_2.jpg	케이블페이스풀_3.jpg
케이블레터럴레이즈	어깨	3	12	회	60	케이블 옆에 서서 먼 손으로 손잡이를 잡습니다.	팔을 옆으로 들어 어깨 높이까지 올립니다.	팔을 천천히 몸 앞쪽으로 내립니다.	어깨 높이보다 높게 들거나 몸을 기울이지 않기	케이블레터럴레이즈_1.jpg	케이블레터럴레이즈_2.jpg	케이블레터럴레이즈_3.jpg
머신바이셉컬	팔	3	12	회	60	팔을 패드에 고정하고 손잡이를 잡습니다.	팔꿈치를 고정한 채 손잡이를 어깨 쪽으로 당깁니다.	팔을 천천히 펴 시작 자세로 돌아옵니다.	어깨를 들거나 팔꿈치를 패드에서 떼지 않기	머신바이셉컬_1.jpg	머신바이셉컬_2.jpg	머신바이셉컬_3.jpg
케이블바이셉컬	팔	3	12	회	60	케이블을 마주 보고 팔꿈치를 옆구리에 붙여 바를 잡습니다.	팔꿈치를 고정하고 바를 가슴 쪽으로 당깁니다.	팔을 천천히 내려 폅니다.	몸을 뒤로 젖히거나 손목을 꺾지 않기	케이블바이셉컬_1.jpg	케이블바이셉컬_2.jpg	케이블바이셉컬_3.jpg
케이블푸시다운	팔	3	12	회	60	케이블을 마주 보고 팔꿈치를 옆구리에 붙입니다.	바를 아래로 눌러 팔을 폅니다.	팔꿈치 위치를 유지하며 바를 천천히 올립니다.	팔꿈치가 앞뒤로 움직이거나 어깨로 누르지 않기	케이블푸시다운_1.jpg	케이블푸시다운_2.jpg	케이블푸시다운_3.jpg
오버헤드케이블익스텐션	팔	3	12	회	60	케이블을 등지고 로프를 머리 뒤에서 잡습니다.	팔꿈치를 가까이 유지하며 손을 위·앞쪽으로 폅니다.	팔꿈치를 천천히 굽혀 로프를 머리 뒤로 보냅니다.	팔꿈치가 벌어지거나 허리를 과도하게 젖히지 않기	오버헤드케이블익스텐션_1.jpg	오버헤드케이블익스텐션_2.jpg	오버헤드케이블익스텐션_3.jpg
어시스트딥스	팔	3	12	회	60	보조 패드에 올라 평행봉을 잡고 팔을 폅니다.	팔꿈치를 굽혀 어깨를 통제하며 몸을 내립니다.	손바닥으로 밀어 팔을 펴고 올라옵니다.	어깨가 귀 쪽으로 올라가거나 너무 깊게 내려가지 않기	어시스트딥스_1.jpg	어시스트딥스_2.jpg	어시스트딥스_3.jpg
핵스쿼트	하체	3	12	회	60	등과 어깨를 패드에 붙이고 발을 플랫폼에 둡니다.	무릎이 발끝 방향을 따라가도록 몸을 낮춥니다.	발바닥으로 플랫폼을 밀어 일어납니다.	무릎이 안쪽으로 무너지거나 허리가 뜨지 않기	핵스쿼트_1.jpg	핵스쿼트_2.jpg	핵스쿼트_3.jpg
힙어브덕션	하체	3	12	회	60	기구에 앉아 무릎 바깥쪽을 패드에 댑니다.	상체를 세운 채 무릎을 바깥으로 벌립니다.	중량을 통제하며 무릎을 안쪽으로 모읍니다.	상체를 흔들거나 반동으로 벌리지 않기	힙어브덕션_1.jpg	힙어브덕션_2.jpg	힙어브덕션_3.jpg
힙어덕션	하체	3	12	회	60	기구에 앉아 다리를 벌리고 허리를 등받이에 붙입니다.	허벅지 안쪽에 힘을 주어 다리를 모읍니다.	다리를 천천히 벌려 시작 자세로 돌아옵니다.	무릎을 세게 부딪치거나 허리를 앞으로 숙이지 않기	힙어덕션_1.jpg	힙어덕션_2.jpg	힙어덕션_3.jpg
스미스머신스쿼트	하체	3	12	회	60	바를 승모근 위에 두고 발을 안정적으로 놓습니다.	가슴을 세우고 무릎 방향을 유지하며 앉습니다.	발바닥으로 바닥을 밀어 일어납니다.	허리가 과도하게 꺾이거나 무릎이 안쪽으로 모이지 않기	스미스머신스쿼트_1.jpg	스미스머신스쿼트_2.jpg	스미스머신스쿼트_3.jpg
스탠딩카프레이즈	하체	3	12	회	60	어깨 패드 아래에 서서 발 앞부분을 플랫폼에 올립니다.	발끝으로 올라가 발목을 폅니다.	뒤꿈치를 천천히 아래로 내립니다.	발목이 바깥으로 꺾이거나 무릎을 잠그지 않기	스탠딩카프레이즈_1.jpg	스탠딩카프레이즈_2.jpg	스탠딩카프레이즈_3.jpg
윗몸일으키기	코어	3	12	회	60	등을 대고 누워 무릎을 세우고 발을 바닥에 둡니다.	복부에 힘을 주어 상체를 말아 올리되 목을 당기지 않습니다.	등을 천천히 바닥으로 내려 시작 자세로 돌아옵니다.	목을 당기거나 허리 반동으로 올라오지 않기	윗몸일으키기_1.jpg	윗몸일으키기_2.jpg	윗몸일으키기_3.jpg
런지	하체	3	12	회	60	바르게 서서 발을 골반 너비로 벌립니다.	한 발을 앞으로 내딛고 양쪽 무릎을 통제하며 낮춥니다.	앞발로 바닥을 밀어 시작 자세로 돌아옵니다.	앞무릎이 발끝 안쪽으로 무너지거나 상체가 과도하게 숙여지지 않기	런지_1.jpg	런지_2.jpg	런지_3.jpg
스쿼트	하체	3	12	회	60	발을 어깨너비로 벌리고 발끝을 약간 바깥쪽으로 둡니다.	엉덩이를 뒤로 빼며 가슴을 세우고 무릎을 굽힙니다.	발바닥으로 바닥을 밀어 바르게 일어섭니다.	무릎이 안쪽으로 모이거나 허리가 과도하게 굽지 않기	스쿼트_1.jpg	스쿼트_2.jpg	스쿼트_3.jpg
플랭크	코어	3	30	초	60	팔꿈치를 어깨 아래에 두고 다리를 뒤로 뻗습니다.	머리부터 발뒤꿈치까지 일직선을 유지하며 복부에 힘을 줍니다.	무릎을 바닥에 내려 통제된 방식으로 마무리합니다.	허리가 처지거나 엉덩이를 과도하게 들지 않기	플랭크_1.jpg	플랭크_2.jpg	플랭크_3.jpg
푸시업	가슴	3	12	회	60	손을 어깨보다 약간 넓게 두고 몸을 일직선으로 만듭니다.	팔꿈치를 굽혀 가슴을 바닥 쪽으로 내립니다.	손바닥으로 밀어 팔을 펴고 플랭크로 돌아옵니다.	허리가 처지거나 팔꿈치가 몸에서 지나치게 벌어지지 않기	푸시업_1.jpg	푸시업_2.jpg	푸시업_3.jpg
글루트브리지	하체	3	12	회	60	등을 대고 누워 무릎을 굽히고 발바닥을 바닥에 둡니다.	엉덩이를 조이며 골반을 들어 몸통과 허벅지를 맞춥니다.	엉덩이를 천천히 바닥으로 내립니다.	허리를 꺾어 올리거나 무릎이 바깥으로 벌어지지 않기	글루트브리지_1.jpg	글루트브리지_2.jpg	글루트브리지_3.jpg
버드독	코어	3	12	회	60	네발기기 자세에서 척추를 중립으로 유지합니다.	반대쪽 팔과 다리를 뻗어 골반이 흔들리지 않게 합니다.	손과 무릎을 천천히 몸 아래로 되돌립니다.	허리를 꺾거나 골반을 회전시키지 않기	버드독_1.jpg	버드독_2.jpg	버드독_3.jpg
마운틴클라이머	코어	3	12	회	60	어깨 아래에 손을 두고 하이플랭크 자세를 만듭니다.	한쪽 무릎을 가슴 쪽으로 당기고 양쪽 다리를 번갈아 움직입니다.	양발을 뒤로 보내 안정적인 하이플랭크로 돌아옵니다.	엉덩이가 들리거나 허리가 처지지 않도록 복부 유지	마운틴클라이머_1.jpg	마운틴클라이머_2.jpg	마운틴클라이머_3.jpg
슈퍼맨	등	3	12	회	60	엎드려 팔과 다리를 길게 뻗고 몸을 편안히 둡니다.	팔과 가슴과 허벅지를 바닥에서 살짝 들어 올립니다.	팔과 다리를 천천히 내려 원래 자세로 돌아옵니다.	허리를 과하게 꺾지 말고 목은 중립으로 유지	슈퍼맨_1.jpg	슈퍼맨_2.jpg	슈퍼맨_3.jpg
리버스스노우엔젤	등	3	12	회	60	엎드려 팔을 몸 옆에 둡니다.	팔을 곧게 유지하며 바닥 위로 머리 쪽까지 쓸어 올립니다.	팔을 다시 몸 옆으로 천천히 내립니다.	어깨를 으쓱하지 말고 팔의 움직임을 천천히 통제	리버스스노우엔젤_1.jpg	리버스스노우엔젤_2.jpg	리버스스노우엔젤_3.jpg
YTW레이즈	어깨	3	12	회	60	엎드려 팔을 앞으로 뻗고 복부에 힘을 줍니다.	팔을 Y자 방향으로 들어 올리며 견갑골을 조입니다.	팔을 천천히 내려 시작 자세로 돌아옵니다.	허리를 들썩이지 말고 팔보다 견갑골 움직임에 집중	YTW레이즈_1.jpg	YTW레이즈_2.jpg	YTW레이즈_3.jpg
리버스플랭크	등	3	30	초	60	다리를 앞으로 뻗고 손을 엉덩이 뒤에 짚습니다.	엉덩이를 들어 어깨부터 발목까지 일직선을 만듭니다.	엉덩이를 천천히 내려 원래 자세로 돌아옵니다.	어깨를 귀에서 멀리하고 허리가 꺾이지 않게 유지	리버스플랭크_1.jpg	리버스플랭크_2.jpg	리버스플랭크_3.jpg
파이크푸시업	어깨	3	12	회	60	손을 어깨너비로 짚고 엉덩이를 높입니다.	팔꿈치를 굽혀 머리와 어깨를 바닥 쪽으로 낮춥니다.	팔로 바닥을 밀어 엉덩이를 높인 자세로 돌아옵니다.	팔꿈치를 옆으로 벌리지 말고 목에 힘을 주지 않기	파이크푸시업_1.jpg	파이크푸시업_2.jpg	파이크푸시업_3.jpg
스핑크스푸시업	어깨	3	12	회	60	팔꿈치와 전완을 바닥에 둔 낮은 플랭크 자세를 만듭니다.	손바닥으로 바닥을 밀며 가슴과 어깨를 들어 올립니다.	팔꿈치를 굽혀 천천히 낮은 자세로 돌아옵니다.	허리가 꺾이지 않도록 복부와 둔부에 힘 유지	스핑크스푸시업_1.jpg	스핑크스푸시업_2.jpg	스핑크스푸시업_3.jpg
숄더탭플랭크	어깨	3	12	회	60	손을 어깨 아래에 두고 몸을 일직선으로 만듭니다.	한 손을 들어 반대쪽 어깨를 가볍게 터치합니다.	손을 바닥에 내려 양손 플랭크로 돌아옵니다.	골반이 좌우로 흔들리지 않도록 발을 조금 넓게 벌리기	숄더탭플랭크_1.jpg	숄더탭플랭크_2.jpg	숄더탭플랭크_3.jpg
인치웜	어깨	3	12	회	60	발을 골반 너비로 벌리고 선 자세에서 시작합니다.	손을 바닥으로 걸어가 몸을 일직선으로 만듭니다.	손을 발 쪽으로 걸어 천천히 일어납니다.	허리를 둥글게 말지 말고 가능한 범위에서 진행	인치웜_1.jpg	인치웜_2.jpg	인치웜_3.jpg
베어크롤	어깨	3	12	회	60	손과 발을 바닥에 두고 무릎을 바닥에서 살짝 띄웁니다.	반대 손과 발을 함께 앞으로 옮기며 이동합니다.	천천히 안정된 네발 자세로 돌아옵니다.	무릎을 낮게 유지하고 허리가 흔들리지 않게 주의	베어크롤_1.jpg	베어크롤_2.jpg	베어크롤_3.jpg
리버스런지	하체	3	12	회	60	두 발을 모으고 가슴을 편 채로 섭니다.	한 발을 뒤로 내딛고 양 무릎을 굽힙니다.	앞발로 바닥을 밀어 서 있는 자세로 돌아옵니다.	앞무릎이 발끝 안쪽으로 무너지지 않게 유지	리버스런지_1.jpg	리버스런지_2.jpg	리버스런지_3.jpg
사이드런지	하체	3	12	회	60	두 발을 모으고 가슴을 편 채로 섭니다.	한쪽으로 크게 내딛고 엉덩이를 뒤로 보내 무릎을 굽힙니다.	굽힌 다리로 바닥을 밀어 중앙으로 돌아옵니다.	발끝과 무릎 방향을 맞추고 반대쪽 다리는 길게 유지	사이드런지_1.jpg	사이드런지_2.jpg	사이드런지_3.jpg
점프스쿼트	하체	3	12	회	60	발을 어깨너비로 벌리고 선 자세에서 시작합니다.	엉덩이를 뒤로 빼고 무릎을 굽혀 스쿼트합니다.	발바닥으로 바닥을 밀어 가볍게 점프하고 부드럽게 착지합니다.	착지할 때 무릎이 안쪽으로 모이지 않게 주의	점프스쿼트_1.jpg	점프스쿼트_2.jpg	점프스쿼트_3.jpg
월싯	하체	3	40	초	60	벽에 등을 대고 발을 벽에서 적당히 앞으로 둡니다.	무릎을 굽혀 허벅지가 바닥과 평행한 자세를 만듭니다.	발로 바닥을 밀며 천천히 일어나 돌아옵니다.	무릎이 발끝보다 과하게 앞으로 나오지 않게 조절	월싯_1.jpg	월싯_2.jpg	월싯_3.jpg
싱글레그글루트브리지	하체	3	12	회	60	누워 한쪽 무릎을 세우고 반대쪽 다리를 뻗습니다.	발뒤꿈치로 바닥을 눌러 엉덩이를 들어 올립니다.	엉덩이를 천천히 바닥으로 내려 돌아옵니다.	골반이 한쪽으로 기울지 않도록 복부에 힘 유지	싱글레그글루트브리지_1.jpg	싱글레그글루트브리지_2.jpg	싱글레그글루트브리지_3.jpg
카프레이즈	하체	3	12	회	60	발을 골반 너비로 벌리고 똑바로 섭니다.	발뒤꿈치를 높이 들어 발끝으로 섭니다.	발뒤꿈치를 천천히 내려 바닥에 닿게 합니다.	발목이 바깥이나 안쪽으로 꺾이지 않게 유지	카프레이즈_1.jpg	카프레이즈_2.jpg	카프레이즈_3.jpg
데드버그	코어	3	12	회	60	등을 바닥에 대고 팔과 무릎을 90도로 듭니다.	한쪽 팔과 반대쪽 다리를 바닥 쪽으로 뻗습니다.	팔과 다리를 천천히 다시 90도 자세로 돌아옵니다.	허리가 바닥에서 뜨지 않는 범위까지만 움직이기	데드버그_1.jpg	데드버그_2.jpg	데드버그_3.jpg
사이드플랭크	코어	3	30	초	60	옆으로 누워 팔꿈치와 무릎을 바닥에 둡니다.	팔꿈치로 바닥을 밀어 몸을 일직선으로 들어 올립니다.	엉덩이를 천천히 바닥으로 내려 돌아옵니다.	어깨를 팔꿈치 위에 두고 골반이 뒤로 빠지지 않게 유지	사이드플랭크_1.jpg	사이드플랭크_2.jpg	사이드플랭크_3.jpg
바이시클크런치	코어	3	12	회	60	등을 대고 누워 손을 머리 뒤에 가볍게 둡니다.	한쪽 팔꿈치를 반대쪽 무릎 쪽으로 몸통과 함께 회전합니다.	몸통을 천천히 중앙으로 돌려 돌아옵니다.	목을 손으로 당기지 말고 복부로 몸을 회전	바이시클크런치_1.jpg	바이시클크런치_2.jpg	바이시클크런치_3.jpg
리버스크런치	코어	3	12	회	60	등을 대고 누워 무릎을 90도로 듭니다.	복부를 수축해 무릎을 가슴 쪽으로 당기고 골반을 살짝 듭니다.	골반을 천천히 내려 시작 자세로 돌아옵니다.	반동을 사용하지 말고 허리가 과하게 뜨지 않게 주의	리버스크런치_1.jpg	리버스크런치_2.jpg	리버스크런치_3.jpg
할로우바디홀드	코어	3	30	초	60	등을 대고 누워 팔과 다리를 천장 쪽으로 듭니다.	복부를 조이고 팔과 다리를 바닥 가까이 길게 뻗어 유지합니다.	팔과 다리를 천천히 들어 시작 자세로 돌아옵니다.	허리가 바닥에서 뜨면 팔과 다리를 더 높게 조절	할로우바디홀드_1.jpg	할로우바디홀드_2.jpg	할로우바디홀드_3.jpg
